expCategory,expDollar,expPerc
Mortgage and Rent,3875,0.590881366
Home,1857,0.283165599
Sports,1309,0.199603538
Groceries,914,0.13937176
Auto and Gas,610,0.093016163
Restaurants and Bars,585,0.089204026
Shopping,535,0.08157975
Fast Food,207,0.031564501
Misc,203,0.030954559
Electronics,194,0.02958219
Barber,123,0.018755718
Coffee,21,0.003202196
